{"cameraMode":{"drawMode":0,"name":"Shaded","section":"Shading Mode"},"sceneLighting":false,"audioPlay":false,"sceneViewState":{"showFog":true,"showMaterialUpdate":false,"showSkybox":false,"showFlares":true,"showImageEffects":true,"showParticleSystems":true},"in2DMode":false,"pivot":{"x":596.2999877929688,"y":309.00115966796877,"z":0.00017162000585813075},"rotation":{"x":0.37602269649505618,"y":0.0019485498778522015,"z":-0.0007896408787928522,"w":0.9266119003295898},"size":588.4210815429688,"orthographic":false}